UserName;Content;Time
vampirewolf#0;30;19:28:56
vampirewolf#0;10000;19:29:05
vampirewolf#0;place: 100;23:34:00
vampirewolf#0;100;23:34:08
vampirewolf#0;place:20;23:34:12
vampirewolf#0;PLACE:30343;23:34:22
vampirewolf#0;1;14:02:55
vampirewolf#0;3;14:03:00
vampirewolf#0;33;14:03:00
vampirewolf#0;3;14:03:00
vampirewolf#0;3;14:03:01
vampirewolf#0;3;14:03:01
vampirewolf#0;3;14:03:02
vampirewolf#0;PLace 1;14:03:07
vampirewolf#0;place: 1;14:03:14
vampirewolf#0;1;14:03:17
vampirewolf#0;place:1;14:03:24
vampirewolf#0;70 th;18:08:52
